<chapter xmlns="http://docbook.org/ns/docbook" xmlns:xlink="http://www.w3.org/1999/xlink" xmlns:xi="http://www.w3.org/2001/XInclude" version="5.0" xml:lang="hu">
    <info>
        <title>Helló, Chaitin!</title>
        <keywordset>
            <keyword/>
        </keywordset>
    </info>
    <section>
        <title>Iteratív és rekurzív faktoriális Lisp-ben</title>
        <para>
                
        </para>
        <para>
            Megoldás videó: <link xlink:href="https://youtu.be/z6NJE2a1zIA">https://youtu.be/z6NJE2a1zIA</link>      
        </para>
        <para>
            Megoldás forrása: ugyanott.               
        </para>
        <para>
            Tanulságok, tapasztalatok, magyarázat... ezt kell az olvasónak kidolgoznia, mint labor- vagy otthoni mérési feladatot!
            Ha mi már megtettük, akkor használd azt, dolgozd fel, javítsd, adj hozzá értéket!
        </para>        
    </section>        
<!--        
    <section>
        <title>Weizenbaum Eliza programja</title>
        <para>
            Éleszd fel Weizenbaum Eliza programját!
        </para>
        <para>
            Megoldás videó:
        </para>
        <para>
            Megoldás forrása:                
        </para>
    </section>        
-->
    <section>
        <title>Gimp Scheme Script-fu: króm effekt</title>
        <para>
            Írj olyan script-fu kiterjesztést a GIMP programhoz, amely megvalósítja a króm effektet egy 
            bemenő szövegre!
        </para>
        <para>
            Megoldás videó: <link xlink:href="https://youtu.be/OKdAkI_c7Sc">https://youtu.be/OKdAkI_c7Sc</link>      
        </para>
        <para>
            Megoldás forrása: <link xlink:href="https://gitlab.com/nbatfai/bhax/tree/master/attention_raising/GIMP_Lisp/Chrome">https://gitlab.com/nbatfai/bhax/tree/master/attention_raising/GIMP_Lisp/Chrome</link>               
        </para>
        <para>
            Tanulságok, tapasztalatok, magyarázat... ezt kell az olvasónak kidolgoznia, mint labor- vagy otthoni mérési feladatot!
            Ha mi már megtettük, akkor használd azt, dolgozd fel, javítsd, adj hozzá értéket!
        </para>    
    </section>        

    <section>
        <title>Gimp Scheme Script-fu: név mandala</title>
        <para>
            Írj olyan script-fu kiterjesztést a GIMP programhoz, amely név-mandalát készít a
            bemenő szövegből!               
        </para>
        <para>
            Megoldás videó: <link xlink:href="https://bhaxor.blog.hu/2019/01/10/a_gimp_lisp_hackelese_a_scheme_programozasi_nyelv">https://bhaxor.blog.hu/2019/01/10/a_gimp_lisp_hackelese_a_scheme_programozasi_nyelv</link>      
        </para>
        <para>
            Megoldás forrása: <link xlink:href="https://gitlab.com/nbatfai/bhax/tree/master/attention_raising/GIMP_Lisp/Mandala">https://gitlab.com/nbatfai/bhax/tree/master/attention_raising/GIMP_Lisp/Mandala</link>               
        </para>
        <para>
            Tanulságok, tapasztalatok, magyarázat... ezt kell az olvasónak kidolgoznia, mint labor- vagy otthoni mérési feladatot!
            Ha mi már megtettük, akkor használd azt, dolgozd fel, javítsd, adj hozzá értéket!
        </para>            
    </section>        
    <section>
        <title>Vörös Pipacs Pokol/javíts tovább a javított 19 RF-eden</title>
        <para>
            Megoldás forrása: <link xlink:href="https://github.com/nbatfai/RedFlowerHell">https://github.com/nbatfai/RedFlowerHell</link>               
        </para>
        <para>
            Tanulságok, tapasztalatok, magyarázat... ezt kell az olvasónak kidolgoznia, mint labor- vagy otthoni mérési feladatot!
            Ha mi már megtettük, akkor használd azt, dolgozd fel, javítsd, adj hozzá értéket!
        </para>            
    </section>                                                                                                                                                                                                                                                                                                                                                                                                                                                                                                                                                                                                                                                                                                                                                                                                                                                                                                                                                                                                                                                                                

<!--    
    <section>
        <title>Lambda</title>
        <para>
            Hasonlítsd össze a következő programokat!
        </para>
        <para>
            Megoldás videó: <link xlink:href=""></link>      
        </para>
        <para>
            Megoldás forrása: <link xlink:href=""></link>               
        </para>
        <para>
            Tanulságok, tapasztalatok, magyarázat...
        </para>            
    </section>        
-->    

<!--
    <section>
        <title>Omega</title>
        <para>
        </para>
        <para>
            Megoldás videó:
        </para>
        <para>
            Megoldás forrása:                
        </para>
    </section>        
-->                                                                                                                                                                                                                                                                                                                                                                                                                                                                                                                                                                                                                                                                                                                                                                                                                                                                                                                                                                                                                                                                                                                                                                                                                                                                                                                                                                                                                                                                                                                                                                                                                                                                                                                                                                                                                                                                                                                                                                                                                                                                                                                                                                                                                                                                                                                                                                                                                                                                                                                                                                                                                                                                                                                                                                                                                                                                                                                                                                                                                                                                                                                                                                                                                                                                                                                                                                                                                                                                                                                                                                                                                                                                                                                                                                                                                                                                                                                                                                                                                                                                                                                                                                                                                                                                                                                                                                                                                                                                                                                                                                                                                                                                                                                                                                                                                                                                                                                                                                                                                                                                                                                                                                                                                                                                                                                                                                                                                                                                                                                                                                                                                                                                                                                                                                                                                                                                                                                                                                                                                                                                                                                                                                                                                                                                                                                                                                                                                                                
</chapter>                
