<chapter xmlns="http://docbook.org/ns/docbook" xmlns:xlink="http://www.w3.org/1999/xlink" xmlns:xi="http://www.w3.org/2001/XInclude" version="5.0" xml:lang="hu">
    <info>
        <title>Helló, Caesar!</title>
        <keywordset>
            <keyword/>
        </keywordset>
    </info>
    <section>
        <title><type>double **</type> háromszögmátrix</title>
        <para>
            Írj egy olyan <function>malloc</function> és <function>free</function>
            párost használó C programot, amely helyet foglal
            egy alsó háromszög mátrixnak a szabad tárban!
        </para>
        <para>
            Megoldás videó: <link xlink:href="https://youtu.be/1MRTuKwRsB0">https://youtu.be/1MRTuKwRsB0</link>,
            <link xlink:href="https://youtu.be/RKbX5-EWpzA">https://youtu.be/RKbX5-EWpzA</link>.
        </para>
        <para>
            Megoldás forrása: <link xlink:href="Caesar/tm.c">
                <filename>bhax/thematic_tutorials/bhax_textbook_IgyNeveldaProgramozod/Caesar/tm.c</filename>
            </link> 
        </para>
        <programlisting language="c"><![CDATA[#include <stdio.h>
#include <stdlib.h>

int
main ()
{
    int nr = 5;
    double **tm;

    if ((tm = (double **) malloc (nr * sizeof (double *))) == NULL)
    {
        return -1;
    }

    for (int i = 0; i < nr; ++i)
    {
        if ((tm[i] = (double *) malloc ((i + 1) * sizeof (double))) == NULL)
        {
            return -1;
        }

    }

    for (int i = 0; i < nr; ++i)
        for (int j = 0; j < i + 1; ++j)
            tm[i][j] = i * (i + 1) / 2 + j;

    for (int i = 0; i < nr; ++i)
    {
        for (int j = 0; j < i + 1; ++j)
            printf ("%f, ", tm[i][j]);
        printf ("\n");
    }

    tm[3][0] = 42.0;
    (*(tm + 3))[1] = 43.0;	// mi van, ha itt hiányzik a külső ()
    *(tm[3] + 2) = 44.0;
    *(*(tm + 3) + 3) = 45.0;

    for (int i = 0; i < nr; ++i)
    {
        for (int j = 0; j < i + 1; ++j)
            printf ("%f, ", tm[i][j]);
        printf ("\n");
    }

    for (int i = 0; i < nr; ++i)
        free (tm[i]);

    free (tm);

    return 0;
}]]></programlisting>
        <figure>
            <title>A <type>double **</type> háromszögmátrix a memóriában</title>
            <mediaobject>
                <imageobject>
                    <imagedata fileref="img/doublecscs.png" scale="50" />
                </imageobject>
                <textobject>
                    <phrase>A <type>double **</type> háromszögmátrix a memóriában</phrase>
                </textobject>
            </mediaobject>
        </figure>                             
        <para>
            Tanulságok, tapasztalatok, magyarázat...
        </para>            
    </section>        
    <section>
        <title>C EXOR titkosító</title>
        <para>
            Írj egy EXOR titkosítót C-ben!
        </para>
        <para>
            Megoldás videó:
        </para>
        <para>
            Megoldás forrása:                
        </para>
        <para>
            Tanulságok, tapasztalatok, magyarázat...
        </para>            
    </section>        
    <section>
        <title>Java EXOR titkosító</title>
        <para>
            Írj egy EXOR titkosítót Java-ban!
        </para>
        <para>
            Megoldás videó:
        </para>
        <para>
            Megoldás forrása: <link xlink:href="https://www.tankonyvtar.hu/hu/tartalom/tkt/javat-tanitok-javat/ch01.html#exor_titkosito">https://www.tankonyvtar.hu/hu/tartalom/tkt/javat-tanitok-javat/ch01.html#exor_titkosito</link>               
        </para>
        <para>
            Tanulságok, tapasztalatok, magyarázat...
        </para>            
    </section>        
    <section xml:id="bhax-textbook-feladatok-caesar.EXOR-toro">
        <title>C EXOR törő</title>
        <para>
            Írj egy olyan C programot, amely megtöri az első feladatban előállított titkos szövegeket!
        </para>
        <para>
            Megoldás videó:
        </para>
        <para>
            Megoldás forrása:                
        </para>
        <para>
            Tanulságok, tapasztalatok, magyarázat...
        </para>            
    </section>        
    <section>
        <title>Neurális OR, AND és EXOR kapu</title>
        <para>
            R
        </para>
        <para>
            Megoldás videó: <link xlink:href="https://youtu.be/Koyw6IH5ScQ">https://youtu.be/Koyw6IH5ScQ</link>
        </para>
        <para>
            Megoldás forrása: <link xlink:href="https://gitlab.com/nbatfai/bhax/tree/master/attention_raising/NN_R">https://gitlab.com/nbatfai/bhax/tree/master/attention_raising/NN_R</link>               
        </para>
        <para>
            Tanulságok, tapasztalatok, magyarázat...
        </para>            
    </section>        
    <section>
        <title>Hiba-visszaterjesztéses perceptron</title>
        <para>
            C++
        </para>
        <para>
            Megoldás videó: <link xlink:href="https://youtu.be/XpBnR31BRJY">https://youtu.be/XpBnR31BRJY</link>
        </para>
        <para>
            Megoldás forrása: <link xlink:href="https://github.com/nbatfai/nahshon/blob/master/ql.hpp#L64">https://github.com/nbatfai/nahshon/blob/master/ql.hpp#L64</link>               
        </para>
        <para>
            Tanulságok, tapasztalatok, magyarázat...
        </para>            
    </section>        
        
                                                                                                                                                                                                                                                                                                                                                                                                                                                                                                                                                                                                                                                                                                                                                                                                                                                                                                                                                                                                                                                                        
</chapter>                
