<chapter xmlns="http://docbook.org/ns/docbook" xmlns:xlink="http://www.w3.org/1999/xlink" xmlns:xi="http://www.w3.org/2001/XInclude" version="5.0" xml:lang="hu">
    <info>
        <title>Helló, Schwarzenegger!</title>
        <keywordset>
            <keyword/>
        </keywordset>
    </info>
    <section xml:id="hax-textbook-feladatok-schwarzenegger">
        <title>Szoftmax Py MNIST</title>
        <para>
            Python (lehet az SMNIST <citation>SMNIST</citation> is a példa).
        </para>
        <para>
            Megoldás videó: <link xlink:href="https://youtu.be/j7f9SkJR3oc">https://youtu.be/j7f9SkJR3oc</link>      
        </para>
        <para>
            Megoldás forrása: <link xlink:href="https://github.com/tensorflow/tensorflow/releases/tag/v0.9.0">https://github.com/tensorflow/tensorflow/releases/tag/v0.9.0</link> (/tensorflow-0.9.0/tensorflow/examples/tutorials/mnist/), <link xlink:href="https://progpater.blog.hu/2016/11/13/hello_samu_a_tensorflow-bol">https://progpater.blog.hu/2016/11/13/hello_samu_a_tensorflow-bol</link>  
        </para>
        <para>
            Tanulságok, tapasztalatok, magyarázat... ezt kell az olvasónak kidolgoznia, mint labor- vagy otthoni mérési feladatot!
            Ha mi már megtettük, akkor használd azt, dolgozd fel, javítsd, adj hozzá értéket!
        </para>
    </section>        

<!--
    <section>
        <title>Szoftmax R MNIST</title>
        <para>
            R            
        </para>
        <para>
            Megoldás videó:
        </para>
        <para>
            Megoldás forrása:                
        </para>
        <para>
            Tanulságok, tapasztalatok, magyarázat...
        </para>
    </section>        
-->
    
    <section>
        <title>Mély MNIST</title>
        <para>
            Python (MNIST vagy SMNIST, bármelyik, amely nem a softmaxos, például lehet egy CNN-es).           
        </para>
        <para>
            Megoldás videó: <link xlink:href="https://bhaxor.blog.hu/2019/03/10/the_semantic_mnist">https://bhaxor.blog.hu/2019/03/10/the_semantic_mnist</link>
        </para>
        <para>
            Megoldás forrása: SMNIST, <link xlink:href="https://gitlab.com/nbatfai/smnist">https://gitlab.com/nbatfai/smnist</link>               
        </para>
        <para>
            Tanulságok, tapasztalatok, magyarázat... ezt kell az olvasónak kidolgoznia, mint labor- vagy otthoni mérési feladatot!
            Ha mi már megtettük, akkor használd azt, dolgozd fel, javítsd, adj hozzá értéket!
        </para>
    </section>        
<!--
    <section>
        <title>Deep dream</title>
        <para>
            Keras            
        </para>
        <para>
            Megoldás videó:
        </para>
        <para>
            Megoldás forrása:                
        </para>
        <para>
            Tanulságok, tapasztalatok, magyarázat...
        </para>
    </section>        
-->                  
    <section>
        <title>Minecraft-MALMÖ</title>
        <para>
            Most, hogy már van némi ágensprogramozási gyakorlatod, adj egy rövid általános áttekintést a MALMÖ projektről!
        </para>
        <para>
            Megoldás videó: initial hack: <link xlink:href="https://youtu.be/bAPSu3Rndi8">https://youtu.be/bAPSu3Rndi8</link>.
            Red Flower Hell: <link xlink:href="https://github.com/nbatfai/RedFlowerHell">https://github.com/nbatfai/RedFlowerHell</link>.      
        </para>
        <para>
            Megoldás forrása: a Red Flower Hell repójában.               
        </para>
        <para>
            Tanulságok, tapasztalatok, magyarázat... ezt kell az olvasónak kidolgoznia, mint labor- vagy otthoni mérési feladatot!
            Ha mi már megtettük, akkor használd azt, dolgozd fel, javítsd, adj hozzá értéket!
        </para>
    </section>        
    <section>
        <title>Vörös Pipacs Pokol/javíts a 19 RF-en</title>
        <para>
            Megoldás forrása: <link xlink:href="https://github.com/nbatfai/RedFlowerHell">https://github.com/nbatfai/RedFlowerHell</link>               
        </para>
        <para>
            Tanulságok, tapasztalatok, magyarázat... ezt kell az olvasónak kidolgoznia, mint labor- vagy otthoni mérési feladatot!
            Ha mi már megtettük, akkor használd azt, dolgozd fel, javítsd, adj hozzá értéket!
        </para>            
    </section>                                                                                                                                                                                                                                                                                                                                                                                                                                                                                                                                                                                                                                                                                                                                                                                                                                                                                                                                                                                                                                                                                                                                                                                                                                                                                                                                                                                                                                                                                                                                                                                                                                                                                                                                                                                                                                                                                                                                                                                                                                                                                                                                                                                                                                                                                                                                                                                                                                                                                                                                                                                                                                                                                                                                                                                                                                                                                                                                                                                                                                                                                                                                                                                                                                                                                                                                                                                                                                                                                                                                                                                                                                                                                                                                                                                                                                                                                                                                                                                                                                                                                                                                                                                                                                                                               
</chapter>                
