<chapter xmlns="http://docbook.org/ns/docbook" xmlns:xlink="http://www.w3.org/1999/xlink" xmlns:xi="http://www.w3.org/2001/XInclude" version="5.0" xml:lang="hu">
    <info>
        <title>Helló, Conway!</title>
        <keywordset>
            <keyword/>
        </keywordset>
    </info>
    <section>
        <title>Hangyaszimulációk</title>
        <para>
            Írj Qt C++-ban egy hangyaszimulációs programot, a forrásaidról utólag reverse engineering jelleggel
            készíts UML osztálydiagramot is!
        </para>
        <para>
            Megoldás videó: <link xlink:href="https://bhaxor.blog.hu/2018/10/10/myrmecologist">https://bhaxor.blog.hu/2018/10/10/myrmecologist</link>
        </para>
        <para>
            Megoldás forrása: <link xlink:href="https://gitlab.com/nbatfai/bhax/-/tree/master/attention_raising%2FMyrmecologist">https://gitlab.com/nbatfai/bhax/-/tree/master/attention_raising%2FMyrmecologist</link>               
        </para>
        <para>
            Tanulságok, tapasztalatok, magyarázat... ezt kell az olvasónak kidolgoznia, mint labor- vagy otthoni mérési feladatot!
            Ha mi már megtettük, akkor használd azt, dolgozd fel, javítsd, adj hozzá értéket!
        </para>            
    </section>        
    <section>
        <title>Java életjáték</title>
        <para>
            Írd meg Java-ban a John Horton Conway-féle életjátékot, 
            valósítsa meg a sikló-kilövőt!
        </para>
        <para>
            Megoldás forrása: <link xlink:href="https://regi.tankonyvtar.hu/hu/tartalom/tkt/javat-tanitok-javat/apb.html#conway">https://regi.tankonyvtar.hu/hu/tartalom/tkt/javat-tanitok-javat/apb.html#conway</link>               
        </para>
        <para>
            Tanulságok, tapasztalatok, magyarázat... ezt kell az olvasónak kidolgoznia, mint labor- vagy otthoni mérési feladatot!
            Ha mi már megtettük, akkor használd azt, dolgozd fel, javítsd, adj hozzá értéket!
        </para>            
    </section>        
    <section>
        <title>Qt C++ életjáték</title>
        <para>
            Most Qt C++-ban!
        </para>
        <para>
            Megoldás forrása: <link xlink:href="https://bhaxor.blog.hu/2018/09/09/ismerkedes_az_eletjatekkal">https://bhaxor.blog.hu/2018/09/09/ismerkedes_az_eletjatekkal</link>               
        </para>
        <para>
            Megoldás videó: a hivatkozott blogba ágyazva. 
        </para>
        <para>
            Tanulságok, tapasztalatok, magyarázat... ezt kell az olvasónak kidolgoznia, mint labor- vagy otthoni mérési feladatot!
            Ha mi már megtettük, akkor használd azt, dolgozd fel, javítsd, adj hozzá értéket!
        </para>            
    </section>        
    <section>
        <title>BrainB Benchmark</title>
        <para>
        </para>
        <para>
            Megoldás videó: initial hack: <link xlink:href="https://www.twitch.tv/videos/139186614">https://www.twitch.tv/videos/139186614</link>
        </para>
        <para>
            Megoldás forrása: <link xlink:href="https://github.com/nbatfai/esport-talent-search">https://github.com/nbatfai/esport-talent-search</link>               
        </para>
        <para>
            Tanulságok, tapasztalatok, magyarázat... ezt kell az olvasónak kidolgoznia, mint labor- vagy otthoni mérési feladatot!
            Ha mi már megtettük, akkor használd azt, dolgozd fel, javítsd, adj hozzá értéket!
        </para>            
    </section>        
    <section>
        <title>Vörös Pipacs Pokol/19 RF</title>
        <para>
            Megoldás videó: <link xlink:href="https://youtu.be/VP0kfvRYD1Y">https://youtu.be/VP0kfvRYD1Y</link>      
        </para>
        <para>
            Megoldás forrása: <link xlink:href="https://github.com/nbatfai/RedFlowerHell">https://github.com/nbatfai/RedFlowerHell</link>               
        </para>
        <para>
            Tanulságok, tapasztalatok, magyarázat... ezt kell az olvasónak kidolgoznia, mint labor- vagy otthoni mérési feladatot!
            Ha mi már megtettük, akkor használd azt, dolgozd fel, javítsd, adj hozzá értéket!
        </para>            
    </section>                                                                                                                                                                                                                                                                                                                                                                                                                                                                                                                                                                                                                                                                                                                                                                                                                                                                                                                                                                                                                                                                                

</chapter>                
